год;месяц;регион;температура;осадки в мм
2020;июль;Калужская область;16.8;19
2024;июль;Амурская область;26.6;9
2020;сентябрь;Пензенская область;19.0;32
2024;октябрь;Кировская область;9.5;82
2022;сентябрь;Архангельская область;19.2;99
2020;февраль;Брянская область;-22.1;12
2021;апрель;Луганская Народная Республика;12.0;60
2022;октябрь;Тульская область;9.3;33
2021;июль;Камчатский край;16.9;66
2020;сентябрь;Воронежская область;16.3;81
2023;июль;Псковская область;21.5;26
2021;август;Ярославская область;20.0;36
2022;сентябрь;Амурская область;19.3;0
2024;ноябрь;Томская область;3.9;72
2022;март;Свердловская область;2.0;18
2022;июнь;Донецкая Народная Республика;19.8;32
2021;июль;Ярославская область;29.7;95
2021;август;Калужская область;26.0;97
2024;декабрь;Камчатский край;-21.2;40
2020;декабрь;Калининградская область;-13.9;50
2024;октябрь;Хабаровский край;10.6;70
2021;август;Костромская область;28.9;63
2023;декабрь;Мурманская область;-10.6;93
2021;июнь;Курганская область;25.6;90
2022;июль;Забайкальский край;28.7;76
2023;сентябрь;Сахалинская область;14.8;94
2020;март;Камчатский край;4.9;78
2023;март;Ульяновская область;-2.7;32
2023;май;Приморский край;16.2;100
2023;октябрь;Забайкальский край;10.1;60
2020;август;Омская область;24.0;41
2022;август;Новосибирская область;27.3;54
2020;октябрь;Кировская область;7.2;67
2021;ноябрь;Костромская область;2.1;37
2020;апрель;Ростовская область;11.5;1
2024;май;Липецкая область;16.2;25
2024;июнь;Оренбургская область;29.4;15
2022;март;Нижегородская область;4.1;16
2023;июль;Кемеровская область — Кузбасс;22.9;57
2024;июнь;Орловская область;18.7;38
2020;ноябрь;Пензенская область;-1.0;21
2021;сентябрь;Забайкальский край;19.5;60
2024;ноябрь;Московская область;-3.9;70
2024;февраль;Астраханская область;-8.1;84
2021;сентябрь;Камчатский край;11.3;61
2021;ноябрь;Московская область;-2.0;8
2020;май;Омская область;11.6;4
2022;октябрь;Вологодская область;5.7;50
2024;июль;Курганская область;18.8;4
2021;октябрь;Херсонская область;14.3;45
2023;июль;Брянская область;25.5;48
2020;май;Мурманская область;16.3;97
2022;сентябрь;Курская область;14.7;18
2020;декабрь;Самарская область;-20.3;95
2024;ноябрь;Саратовская область;1.6;34
2021;март;Орловская область;-2.7;51
2022;декабрь;Тульская область;-6.6;11
2022;февраль;Алтайский край;-27.0;45
2022;апрель;Ярославская область;12.4;66
2024;июнь;Тверская область;27.7;53
2022;декабрь;Томская область;-20.3;56
2020;май;Волгоградская область;19.6;52
2021;январь;Томская область;-8.2;39
2023;август;Калининградская область;29.6;68
2021;январь;Ульяновская область;-6.5;75
2023;октябрь;Белгородская область;13.5;85
2021;сентябрь;Кемеровская область — Кузбасс;19.8;76
2024;май;Забайкальский край;15.2;49
2024;февраль;Курская область;-12.2;90
2022;ноябрь;Саратовская область;0.4;75
2024;сентябрь;Мурманская область;17.8;35
2022;январь;Самарская область;-13.4;8
2024;июнь;Тамбовская область;27.4;93
2024;сентябрь;Ярославская область;10.6;46
2021;июнь;Тульская область;21.7;19
2023;март;Кировская область;2.9;93
2020;август;Ставропольский край;25.0;29
2022;январь;Мурманская область;-9.6;71
2021;сентябрь;Свердловская область;13.4;98
2021;январь;Ленинградская область;-11.8;3
2023;март;Ярославская область;-3.4;57
2023;июль;Московская область;27.3;74
2021;декабрь;Брянская область;-28.5;87
2021;май;Новгородская область;14.7;52
2023;июнь;Псковская область;26.4;87
2021;май;Новгородская область;14.8;38
2022;июль;Свердловская область;29.3;55
2022;сентябрь;Сахалинская область;10.7;19
2024;сентябрь;Орловская область;17.9;37
2021;июль;Архангельская область;28.2;18
2022;ноябрь;Орловская область;-2.3;61
2024;ноябрь;Кировская область;1.7;91
2020;апрель;Свердловская область;10.1;47
2024;август;Красноярский край;21.2;29
2024;март;Владимирская область;-1.8;98
2024;июль;Ивановская область;27.1;24
2020;декабрь;Камчатский край;-21.9;23
2023;октябрь;Саратовская область;7.6;39
2021;июнь;Свердловская область;15.2;71
2023;апрель;Курганская область;9.1;77
2022;декабрь;Магаданская область;-22.3;78
2022;декабрь;Нижегородская область;-29.7;67
2024;май;Волгоградская область;19.2;61
2023;февраль;Рязанская область;-22.3;64
2024;декабрь;Херсонская область;-25.2;77
2020;август;Магаданская область;23.0;18
2021;февраль;Ставропольский край;-16.7;24
2024;июнь;Брянская область;20.4;46
2024;октябрь;Липецкая область;10.0;53
2020;май;Волгоградская область;12.7;15
2020;сентябрь;Рязанская область;13.2;84
2020;август;Костромская область;27.5;67
2023;март;Донецкая Народная Республика;1.0;89
2021;декабрь;Ивановская область;-22.3;40
2022;апрель;Херсонская область;14.3;94
2024;декабрь;Белгородская область;-16.8;26
2022;март;Воронежская область;-4.7;45
2023;январь;Нижегородская область;-28.9;36
2020;октябрь;Алтайский край;5.2;77
2024;октябрь;Брянская область;12.1;57
2023;февраль;Ивановская область;-9.5;32
2022;ноябрь;Сахалинская область;1.9;51
2021;июль;Тверская область;29.1;64
2021;май;Нижегородская область;12.5;7
2022;август;Псковская область;17.8;53
2021;май;Ивановская область;11.5;96
2023;май;Костромская область;17.3;89
2024;январь;Омская область;-14.6;31
2024;февраль;Тюменская область;-18.9;86
2021;март;Кировская область;-3.0;79
2020;февраль;Ивановская область;-17.5;57
2021;ноябрь;Алтайский край;-1.6;63
2024;январь;Псковская область;-19.4;20
2022;август;Тамбовская область;27.8;15
2021;май;Омская область;15.2;68
2021;июнь;Пензенская область;21.1;94
2022;август;Саратовская область;15.5;27
2020;март;Ленинградская область;3.8;74
2023;февраль;Архангельская область;-25.6;62
2020;декабрь;Амурская область;-8.8;63
2020;декабрь;Омская область;-13.3;87
2021;январь;Костромская область;-27.5;86
2023;март;Тульская область;3.4;54
2022;февраль;Томская область;-5.6;21
2022;февраль;Курская область;-23.1;90
2023;сентябрь;Нижегородская область;15.1;76
2021;декабрь;Рязанская область;-26.8;46
2021;ноябрь;Астраханская область;1.1;66
2024;июнь;Магаданская область;26.6;88
2022;август;Херсонская область;23.1;17
2022;декабрь;Пермский край;-15.8;77
2020;июнь;Вологодская область;15.5;33
2020;ноябрь;Смоленская область;-2.0;48
2022;май;Херсонская область;10.8;38
2023;февраль;Ульяновская область;-18.1;45
2022;сентябрь;Оренбургская область;14.6;48
2020;июль;Донецкая Народная Республика;27.4;15
2021;август;Курская область;23.6;75
2020;апрель;Краснодарский край;7.7;3
2023;март;Краснодарский край;4.6;45
2023;июль;Томская область;15.6;41
2024;февраль;Ленинградская область;-27.8;41
2023;январь;Белгородская область;-20.1;90
2024;февраль;Омская область;-13.9;70
2021;декабрь;Нижегородская область;-29.8;46
2024;апрель;Приморский край;14.2;40
2022;март;Челябинская область;0.3;61
2023;август;Костромская область;24.7;47
2023;август;Кемеровская область — Кузбасс;24.9;9
2024;январь;Пермский край;-28.5;14
2021;декабрь;Белгородская область;-15.5;12
2020;май;Оренбургская область;16.1;13
2021;октябрь;Владимирская область;9.3;97
2022;май;Саратовская область;17.3;90
2021;январь;Нижегородская область;-29.8;60
2022;май;Архангельская область;12.4;20
2020;сентябрь;Смоленская область;10.1;59
2023;февраль;Смоленская область;-29.6;70
2023;ноябрь;Тульская область;2.3;45
2021;май;Курская область;10.9;18
2020;декабрь;Смоленская область;-10.7;8
2021;январь;Кировская область;-18.2;60
2021;декабрь;Костромская область;-7.4;65
2020;июль;Калужская область;29.4;79
2022;ноябрь;Ульяновская область;2.7;53
2024;март;Астраханская область;2.2;48
2021;март;Брянская область;-0.3;91
2022;октябрь;Свердловская область;8.0;3
2024;март;Амурская область;-4.6;12
2020;май;Калининградская область;16.8;37
2021;декабрь;Магаданская область;-15.3;39
2021;март;Курганская область;2.6;59
2020;июнь;Тамбовская область;21.8;48
2024;август;Ивановская область;26.0;6
2020;декабрь;Пермский край;-17.1;42
2020;декабрь;Владимирская область;-7.0;87
2024;апрель;Челябинская область;8.3;42
2023;июль;Красноярский край;22.7;35
2024;октябрь;Оренбургская область;8.2;54
2024;сентябрь;Сахалинская область;19.0;23
2023;август;Белгородская область;20.4;54
2022;октябрь;Ивановская область;10.2;100
2021;май;Камчатский край;18.8;14
2024;сентябрь;Белгородская область;11.4;33
2024;февраль;Хабаровский край;-6.8;10
2023;сентябрь;Луганская Народная Республика;19.1;22
2022;июнь;Челябинская область;16.7;39
2020;март;Липецкая область;-2.1;94
2023;апрель;Костромская область;7.3;37
2022;февраль;Ставропольский край;-18.6;96
2020;июль;Белгородская область;26.2;10
2021;август;Брянская область;17.0;98
2021;январь;Брянская область;-22.3;23
2022;декабрь;Донецкая Народная Республика;-19.6;44
2024;апрель;Иркутская область;10.9;77
2020;декабрь;Свердловская область;-29.2;83
2023;февраль;Воронежская область;-24.2;57
2024;июль;Приморский край;23.8;70
2021;май;Калужская область;16.1;8
2021;февраль;Челябинская область;-17.0;98
2022;январь;Калининградская область;-15.9;96
2022;сентябрь;Московская область;11.2;46
2021;январь;Кемеровская область — Кузбасс;-16.9;24
2023;июнь;Воронежская область;24.0;65
2022;август;Воронежская область;19.8;19
2020;октябрь;Иркутская область;11.0;45
2023;октябрь;Новгородская область;7.4;26
2023;март;Кемеровская область — Кузбасс;1.5;80
2021;август;Сахалинская область;15.8;65
2021;январь;Нижегородская область;-9.7;68
2024;январь;Кировская область;-24.6;32
2024;март;Кировская область;3.1;40
2020;май;Ульяновская область;10.7;24
2023;февраль;Алтайский край;-25.6;25
2020;сентябрь;Приморский край;13.4;49
2020;ноябрь;Пермский край;2.7;74
2022;июль;Калининградская область;19.5;37
2023;июль;Магаданская область;29.6;39
2020;июль;Томская область;21.7;5
2021;декабрь;Костромская область;-25.2;53
2020;декабрь;Волгоградская область;-10.5;96
2024;июль;Красноярский край;25.0;71
2024;апрель;Воронежская область;10.9;39
2024;август;Курская область;15.3;12
2023;октябрь;Пензенская область;12.2;11
2024;июль;Смоленская область;18.8;77
2022;июль;Хабаровский край;15.2;96
2021;август;Краснодарский край;28.9;16
2020;май;Псковская область;16.5;35
2023;июль;Камчатский край;22.0;26
2023;февраль;Приморский край;-11.6;67
2020;июль;Тамбовская область;24.1;63
2022;май;Приморский край;15.1;76
2021;январь;Кировская область;-22.9;18
2022;июнь;Донецкая Народная Республика;22.6;90
2023;август;Ивановская область;17.7;22
2021;декабрь;Вологодская область;-8.0;97
2020;июль;Алтайский край;25.6;61
2024;февраль;Нижегородская область;-15.2;73
2024;июнь;Пензенская область;15.4;39
2022;январь;Хабаровский край;-14.6;86
2021;июль;Ивановская область;28.5;64
2024;октябрь;Мурманская область;6.7;96
2022;июль;Кировская область;24.0;3
2023;октябрь;Приморский край;8.4;2
2020;январь;Кировская область;-7.3;0
2020;февраль;Сахалинская область;-16.3;11
2021;октябрь;Пермский край;5.0;67
2024;ноябрь;Орловская область;2.0;23
2022;март;Мурманская область;-1.1;16
2023;сентябрь;Новосибирская область;11.1;96
2024;май;Мурманская область;14.3;31
2020;ноябрь;Ивановская область;0.1;56
2022;октябрь;Курская область;8.3;26
2022;май;Омская область;11.9;5
2021;январь;Ставропольский край;-25.6;58
2020;февраль;Архангельская область;-26.3;75
2024;сентябрь;Псковская область;16.9;14
2021;август;Курская область;20.9;55
2022;июнь;Хабаровский край;20.0;74
2022;июль;Архангельская область;28.0;29
2024;декабрь;Архангельская область;-8.9;13
2024;ноябрь;Красноярский край;2.7;62
2020;апрель;Белгородская область;12.8;30
2020;ноябрь;Тульская область;-2.1;59
2021;июль;Кемеровская область — Кузбасс;18.0;24
2022;январь;Псковская область;-19.3;57
2023;октябрь;Калужская область;12.4;77
2023;февраль;Томская область;-7.9;96
2021;июль;Челябинская область;29.7;71
2024;март;Омская область;-4.0;22
2023;август;Магаданская область;29.5;71
2023;апрель;Тамбовская область;6.4;48
2023;январь;Ставропольский край;-11.5;16
2023;август;Белгородская область;21.5;27
2022;май;Курганская область;12.7;14
2023;август;Тамбовская область;29.3;44
2024;февраль;Брянская область;-28.8;45
2023;декабрь;Воронежская область;-23.1;53
2023;июль;Красноярский край;21.1;33
2021;октябрь;Краснодарский край;7.2;75
2023;октябрь;Томская область;13.9;60
2024;январь;Ивановская область;-29.8;76
2023;февраль;Томская область;-22.6;33
2020;январь;Тверская область;-9.3;77
2022;февраль;Волгоградская область;-26.2;49
2020;декабрь;Курганская область;-10.3;67
2020;март;Забайкальский край;-1.6;61
2022;февраль;Астраханская область;-17.3;83
2024;май;Волгоградская область;16.4;19
2024;май;Вологодская область;16.3;40
2024;февраль;Рязанская область;-7.2;88
2022;апрель;Волгоградская область;11.0;45
2022;июль;Ивановская область;20.8;74
2021;январь;Тверская область;-6.5;84
2023;февраль;Томская область;-12.6;29
2024;декабрь;Тюменская область;-24.7;62
2023;февраль;Костромская область;-5.1;44
2021;ноябрь;Липецкая область;-0.0;57
2024;сентябрь;Луганская Народная Республика;18.0;67
2024;январь;Калининградская область;-9.5;22
2021;май;Архангельская область;11.2;45
2022;декабрь;Томская область;-7.4;2
2022;ноябрь;Воронежская область;3.9;44
2022;ноябрь;Московская область;-3.8;36
2023;март;Тульская область;1.7;9
2022;июнь;Оренбургская область;25.6;27
2023;апрель;Омская область;5.3;28
2024;июль;Луганская Народная Республика;16.8;1
2020;август;Кемеровская область — Кузбасс;27.6;16
2024;декабрь;Ставропольский край;-29.9;64
2020;май;Астраханская область;10.1;21
2023;май;Луганская Народная Республика;17.0;64
2024;май;Мурманская область;14.6;16
2023;июль;Кировская область;26.8;18
2024;апрель;Камчатский край;14.0;56
2021;октябрь;Приморский край;6.3;17
2022;август;Свердловская область;18.2;62
2023;июль;Пензенская область;29.5;14
2024;сентябрь;Рязанская область;11.5;96
2020;сентябрь;Приморский край;15.3;9
2020;май;Краснодарский край;17.6;3
2024;август;Хабаровский край;24.8;33
2021;февраль;Омская область;-28.1;16
2020;октябрь;Магаданская область;12.3;58
2024;октябрь;Архангельская область;12.8;77
2023;июль;Ставропольский край;20.6;1
2022;май;Ульяновская область;20.0;54
2021;февраль;Кировская область;-11.3;4
2022;январь;Луганская Народная Республика;-25.1;84
2024;июнь;Курганская область;26.8;82
2020;сентябрь;Новгородская область;13.0;81
2020;февраль;Белгородская область;-10.9;6
2021;июль;Волгоградская область;24.8;83
2020;ноябрь;Ульяновская область;-3.0;43
2021;июнь;Луганская Народная Республика;17.1;19
2021;июль;Луганская Народная Республика;28.7;30
2024;февраль;Кировская область;-27.0;30
2020;август;Пензенская область;25.6;37
2021;август;Калининградская область;19.2;18
2022;июнь;Томская область;27.6;6
2021;октябрь;Тамбовская область;12.2;1
2022;август;Луганская Народная Республика;26.3;88
2024;август;Забайкальский край;23.9;46
2023;сентябрь;Свердловская область;15.9;17
2021;февраль;Псковская область;-18.4;40
2024;август;Вологодская область;25.4;86
2020;июль;Калининградская область;28.2;52
2021;январь;Ленинградская область;-10.4;78
2020;февраль;Приморский край;-24.1;44
2020;август;Саратовская область;15.6;35
2023;июнь;Пермский край;27.9;87
2021;октябрь;Рязанская область;10.5;46
2021;март;Пермский край;-3.9;10
2024;август;Самарская область;20.5;22
2024;ноябрь;Ростовская область;0.4;51
2021;июнь;Пермский край;25.9;64
2024;январь;Орловская область;-27.4;71
2021;март;Пензенская область;-3.0;55
2020;март;Саратовская область;4.5;35
2023;март;Донецкая Народная Республика;1.2;66
2022;декабрь;Орловская область;-13.1;1
2021;июль;Ставропольский край;17.6;15
2020;июль;Ростовская область;19.1;74
2021;июль;Калужская область;25.9;12
2023;август;Сахалинская область;20.3;20
2022;сентябрь;Пензенская область;16.6;80
2024;сентябрь;Луганская Народная Республика;16.2;71
2020;июль;Архангельская область;25.5;25
2024;март;Луганская Народная Республика;-2.6;11
2021;август;Краснодарский край;25.5;53
2024;сентябрь;Курганская область;13.0;67
2020;май;Амурская область;15.1;22
2021;май;Ивановская область;14.5;90
2024;апрель;Омская область;11.3;83
2021;январь;Тверская область;-10.5;61
2020;сентябрь;Рязанская область;15.6;77
2020;декабрь;Краснодарский край;-17.7;74
2021;ноябрь;Камчатский край;2.2;73
2024;октябрь;Липецкая область;7.3;5
2022;август;Камчатский край;28.6;90
2022;сентябрь;Донецкая Народная Республика;14.9;100
2023;июль;Мурманская область;27.4;84
2022;июнь;Свердловская область;21.4;38
2023;январь;Калининградская область;-20.2;64
2022;июль;Псковская область;16.9;89
2023;август;Самарская область;17.1;15
2024;август;Брянская область;23.0;88
2020;июль;Воронежская область;25.9;75
2023;январь;Красноярский край;-19.0;93
2020;август;Новгородская область;21.1;37
2024;август;Курская область;23.8;72
2020;июнь;Ульяновская область;22.4;36
2021;ноябрь;Краснодарский край;-3.3;4
2021;январь;Новгородская область;-10.0;34
2023;апрель;Брянская область;9.5;46
2023;февраль;Воронежская область;-15.4;65
2021;декабрь;Тульская область;-5.1;85
2021;декабрь;Приморский край;-13.4;81
2020;ноябрь;Приморский край;-1.0;1
2020;январь;Псковская область;-9.3;24
2022;июнь;Псковская область;28.4;43
2021;апрель;Краснодарский край;10.9;21
2022;август;Алтайский край;22.6;65
2020;сентябрь;Магаданская область;12.5;22
2023;октябрь;Саратовская область;10.0;26
2024;сентябрь;Саратовская область;18.9;33
2021;апрель;Владимирская область;5.8;66
2022;январь;Тюменская область;-17.6;73
2021;март;Тамбовская область;-1.4;65
2020;июль;Курская область;17.6;38
2020;сентябрь;Тверская область;17.2;44
2022;октябрь;Камчатский край;14.9;5
2022;сентябрь;Оренбургская область;16.6;11
2024;октябрь;Курганская область;11.7;71
2022;декабрь;Свердловская область;-14.1;81
2024;июнь;Донецкая Народная Республика;15.3;30
2024;март;Орловская область;1.2;46
2023;май;Самарская область;18.7;47
2022;декабрь;Липецкая область;-10.8;37
2022;сентябрь;Пензенская область;14.6;30
2024;декабрь;Кировская область;-8.0;97
2022;ноябрь;Тамбовская область;3.8;1
2021;апрель;Пензенская область;5.4;62
2021;сентябрь;Пензенская область;10.6;30
2021;апрель;Ярославская область;13.2;84
2021;март;Курганская область;-3.7;59
2022;октябрь;Курганская область;12.6;94
2021;январь;Камчатский край;-26.8;82
2021;март;Курская область;-4.5;44
2021;декабрь;Самарская область;-8.9;76
2020;июль;Ростовская область;21.9;83
2022;март;Волгоградская область;-4.2;90
2020;апрель;Пензенская область;6.2;85
2024;август;Тюменская область;27.2;14
2023;август;Донецкая Народная Республика;26.2;4
2023;апрель;Курганская область;5.0;66
2022;ноябрь;Херсонская область;2.0;2
2021;октябрь;Иркутская область;13.6;89
2020;июнь;Амурская область;20.9;6
2024;сентябрь;Волгоградская область;15.2;4
2020;октябрь;Амурская область;10.2;58
2022;сентябрь;Тульская область;10.7;12
2024;сентябрь;Тульская область;19.8;17
2023;январь;Хабаровский край;-9.0;35
2023;февраль;Новосибирская область;-26.1;93
2020;март;Московская область;1.6;38
2023;октябрь;Тульская область;13.7;35
2023;февраль;Рязанская область;-17.9;50
2021;сентябрь;Смоленская область;19.7;99
2022;сентябрь;Брянская область;17.4;44
2022;май;Омская область;11.6;11
2022;август;Тамбовская область;17.0;72
2023;сентябрь;Ивановская область;16.6;44
2022;март;Пермский край;-1.5;14
2023;август;Свердловская область;15.2;96
2023;февраль;Новосибирская область;-17.3;40
2020;январь;Краснодарский край;-24.6;57
2023;июнь;Ростовская область;15.8;75
2022;сентябрь;Вологодская область;19.3;92
2022;июнь;Челябинская область;24.2;75
2020;декабрь;Иркутская область;-14.4;92
2020;январь;Ярославская область;-24.5;41
2020;сентябрь;Рязанская область;10.3;76
2023;декабрь;Кемеровская область — Кузбасс;-17.6;48
2020;февраль;Орловская область;-23.9;99
2024;июнь;Саратовская область;28.7;48
2020;февраль;Ленинградская область;-22.6;100
2024;сентябрь;Нижегородская область;18.1;31
2021;декабрь;Астраханская область;-22.2;94
2020;ноябрь;Иркутская область;2.0;84
2023;март;Мурманская область;4.5;64
2021;декабрь;Ярославская область;-22.4;60
2024;февраль;Псковская область;-20.4;86
2021;ноябрь;Самарская область;-1.3;83
2022;январь;Приморский край;-5.4;42
2020;май;Псковская область;16.4;40
2022;январь;Донецкая Народная Республика;-5.6;7
2024;июнь;Орловская область;18.5;53
2023;апрель;Калининградская область;14.6;68
2022;декабрь;Ивановская область;-21.9;59
2024;август;Алтайский край;20.6;13
2023;август;Владимирская область;21.3;43
2022;март;Хабаровский край;-3.7;62
2023;ноябрь;Ивановская область;-0.9;61
2022;апрель;Саратовская область;12.6;86
2024;март;Омская область;4.4;92
2022;август;Кировская область;28.2;32
2023;июнь;Костромская область;24.2;29
2024;май;Орловская область;11.0;90
2024;ноябрь;Ставропольский край;2.2;19
2023;февраль;Амурская область;-21.6;77
2021;июль;Краснодарский край;18.0;73
2020;август;Самарская область;19.7;82
2023;апрель;Ульяновская область;14.9;63
2023;август;Астраханская область;27.9;95
2022;март;Липецкая область;0.7;82
2020;июль;Ростовская область;24.4;71
2024;апрель;Самарская область;10.8;35
2022;май;Рязанская область;18.8;68
2020;апрель;Красноярский край;14.3;43
2024;ноябрь;Новгородская область;4.7;18
2023;октябрь;Курганская область;8.6;6
2023;октябрь;Свердловская область;15.0;38
2021;август;Пензенская область;16.7;4
2021;ноябрь;Кемеровская область — Кузбасс;-1.9;6
2023;август;Ставропольский край;20.1;64
2024;ноябрь;Липецкая область;-3.2;96
2023;январь;Новосибирская область;-17.9;63
2023;июль;Свердловская область;25.8;75
2021;август;Курганская область;21.9;72
2023;сентябрь;Красноярский край;14.2;13
2022;июнь;Тамбовская область;15.8;41
2020;декабрь;Кемеровская область — Кузбасс;-11.4;31
2020;февраль;Калининградская область;-8.3;95
2024;июль;Приморский край;17.8;98
2021;февраль;Пензенская область;-6.8;61
2024;август;Псковская область;27.7;62
2023;июль;Тульская область;21.7;53
2021;декабрь;Владимирская область;-9.8;42
2024;ноябрь;Волгоградская область;-1.9;1
2022;май;Липецкая область;15.1;97
2020;июль;Донецкая Народная Республика;18.5;23
2021;август;Псковская область;20.4;48
2022;май;Калининградская область;13.1;52
2021;ноябрь;Свердловская область;-2.7;33
2020;апрель;Астраханская область;13.0;8
2020;ноябрь;Тюменская область;3.3;47
2024;ноябрь;Самарская область;3.9;5
2024;январь;Магаданская область;-29.2;58
2021;август;Ростовская область;16.0;52
2022;март;Алтайский край;2.6;88
2023;июнь;Нижегородская область;23.2;81
2023;апрель;Краснодарский край;14.5;90
2024;июль;Курганская область;16.8;36
2020;март;Ивановская область;0.8;47
2021;февраль;Иркутская область;-5.8;19
2020;январь;Пермский край;-21.4;33
2021;декабрь;Курганская область;-17.4;39
2023;сентябрь;Камчатский край;17.4;14
2024;февраль;Воронежская область;-14.7;48
2024;октябрь;Пермский край;6.0;75
2023;январь;Саратовская область;-10.3;15
2023;октябрь;Ставропольский край;10.9;94
2021;январь;Псковская область;-19.4;56
2021;октябрь;Кемеровская область — Кузбасс;6.3;74
2024;май;Кемеровская область — Кузбасс;12.9;42
2023;июль;Брянская область;28.8;59
2023;ноябрь;Курская область;0.5;59
2024;март;Камчатский край;-4.1;28
2022;август;Новгородская область;26.7;82
2023;июнь;Пермский край;17.6;34
2023;июнь;Оренбургская область;26.3;53
2024;июль;Пензенская область;23.2;7
2022;сентябрь;Донецкая Народная Республика;12.7;99
2021;июль;Алтайский край;23.2;38
2020;июль;Вологодская область;18.0;34
2022;июль;Курская область;19.9;10
2021;июль;Красноярский край;22.5;98
2022;ноябрь;Рязанская область;-2.8;92
2023;март;Брянская область;0.6;26
2022;май;Вологодская область;18.8;39
2022;август;Алтайский край;15.5;50
2022;апрель;Амурская область;5.1;17
2024;август;Московская область;22.8;51
2023;апрель;Луганская Народная Республика;7.6;90
2024;июнь;Иркутская область;22.1;70
2021;июнь;Сахалинская область;16.5;96
2022;июль;Ленинградская область;23.0;86
2021;март;Калининградская область;4.8;64
2022;ноябрь;Костромская область;4.8;96
2020;сентябрь;Рязанская область;10.0;91
2023;май;Новгородская область;13.2;27
2021;январь;Тамбовская область;-10.9;48
2021;апрель;Краснодарский край;13.4;83
2021;октябрь;Калужская область;11.0;33
2020;май;Иркутская область;18.7;80
2021;март;Луганская Народная Республика;-1.5;34
2023;июнь;Камчатский край;21.7;33
2024;сентябрь;Костромская область;14.0;36
2022;апрель;Камчатский край;11.6;23
2020;январь;Брянская область;-6.8;42
2024;январь;Тюменская область;-15.0;11
2022;январь;Нижегородская область;-21.7;33
2022;август;Курская область;25.2;5
2024;май;Хабаровский край;10.5;43
2022;январь;Брянская область;-25.0;12
2022;март;Камчатский край;-3.3;56
2024;май;Оренбургская область;12.7;14
2022;ноябрь;Кировская область;-0.1;100
2023;июнь;Приморский край;23.3;71
2021;апрель;Тамбовская область;12.8;97
2020;февраль;Архангельская область;-21.3;53
2021;апрель;Костромская область;7.7;99
2020;август;Новосибирская область;18.7;21
2022;октябрь;Иркутская область;9.1;22
2020;ноябрь;Тульская область;-1.7;36
2020;сентябрь;Вологодская область;13.0;73
2021;май;Орловская область;10.3;100
2023;апрель;Алтайский край;8.9;11
2025;январь;Сахалинская область;-26.0;97
2022;февраль;Забайкальский край;-28.8;70
2024;февраль;Херсонская область;-14.1;89
2023;март;Забайкальский край;2.2;5
2024;август;Ростовская область;20.4;6
2023;июль;Орловская область;25.5;31
2023;июнь;Кемеровская область — Кузбасс;19.6;100
2023;май;Костромская область;10.4;7
2024;апрель;Луганская Народная Республика;7.7;49
2023;январь;Рязанская область;-12.3;12
2020;август;Орловская область;17.0;79
2024;август;Курская область;28.6;14
2020;май;Псковская область;14.9;36
2024;март;Херсонская область;4.1;23
2021;август;Магаданская область;18.3;61
2020;июль;Вологодская область;29.5;84
2023;август;Ульяновская область;21.7;43
2020;март;Свердловская область;-2.2;58
2023;март;Приморский край;-0.7;89
2020;январь;Костромская область;-6.2;63
2020;декабрь;Архангельская область;-17.2;6
2022;август;Луганская Народная Республика;19.8;73
2022;сентябрь;Томская область;18.7;96
2020;май;Забайкальский край;13.9;39
2024;июль;Тамбовская область;26.1;56
2020;декабрь;Тульская область;-7.5;67
2021;август;Белгородская область;15.5;62
2022;май;Новгородская область;10.6;84
2022;март;Самарская область;1.9;24
2022;март;Ярославская область;-4.2;60
2024;декабрь;Белгородская область;-16.2;13
2024;июнь;Курганская область;23.0;20
2024;июнь;Пензенская область;17.6;46
2024;декабрь;Ставропольский край;-14.8;85
2024;ноябрь;Херсонская область;-0.7;22
2024;октябрь;Ярославская область;7.3;55
2020;сентябрь;Хабаровский край;14.5;75
2023;июль;Забайкальский край;27.6;89
2024;ноябрь;Астраханская область;1.7;75
2024;август;Ставропольский край;19.3;45
2020;декабрь;Пермский край;-12.9;80
2024;сентябрь;Костромская область;10.8;65
2023;февраль;Орловская область;-16.5;92
2020;июнь;Алтайский край;22.4;57
2023;май;Ивановская область;11.9;19
2021;июнь;Калужская область;17.1;28
2021;апрель;Пермский край;7.2;84
2023;декабрь;Курганская область;-24.0;58
2024;август;Пермский край;25.0;21
2021;март;Нижегородская область;1.6;23
2020;май;Камчатский край;15.7;0
2020;сентябрь;Брянская область;17.4;33
2024;май;Калининградская область;10.0;83
2023;ноябрь;Мурманская область;-0.4;16
2023;ноябрь;Нижегородская область;-4.4;90
2023;декабрь;Брянская область;-6.5;40
2021;октябрь;Ростовская область;13.6;16
2020;февраль;Астраханская область;-5.5;35
2022;март;Пермский край;4.6;59
2024;апрель;Курганская область;13.4;3
2022;июль;Забайкальский край;29.0;16
2024;июнь;Луганская Народная Республика;19.0;32
2023;май;Сахалинская область;10.6;0
2022;август;Тюменская область;26.6;71
2020;сентябрь;Красноярский край;12.4;53
2022;декабрь;Амурская область;-9.4;22
2024;ноябрь;Ростовская область;-2.0;13
2021;декабрь;Тамбовская область;-7.7;43
2023;май;Хабаровский край;18.4;97
2023;ноябрь;Магаданская область;2.0;88
2020;ноябрь;Забайкальский край;3.7;76
2023;ноябрь;Мурманская область;2.4;0
2024;март;Воронежская область;-2.9;60
2021;май;Алтайский край;11.2;91
2021;июль;Новгородская область;22.4;79
2022;май;Амурская область;19.8;47
2023;август;Херсонская область;28.6;61
2022;июнь;Смоленская область;24.3;88
2022;апрель;Тамбовская область;6.0;18
2023;октябрь;Алтайский край;13.4;87
2021;июнь;Камчатский край;29.1;80
2020;май;Магаданская область;15.1;22
2020;ноябрь;Алтайский край;2.3;96
2020;май;Саратовская область;15.8;67
2022;февраль;Хабаровский край;-5.5;66
2020;январь;Брянская область;-24.3;28
2022;январь;Новгородская область;-21.7;52
2024;май;Иркутская область;14.8;34
2023;июль;Забайкальский край;15.5;2
2022;июль;Архангельская область;25.8;94
2023;январь;Смоленская область;-29.5;42
2023;август;Нижегородская область;15.1;82
2020;октябрь;Пензенская область;10.4;63
2020;май;Красноярский край;13.5;14
2021;июнь;Ростовская область;17.7;26
2020;май;Тульская область;15.3;17
2020;август;Херсонская область;16.8;49
2023;сентябрь;Кемеровская область — Кузбасс;18.1;14
2021;февраль;Томская область;-25.6;32
2020;июль;Московская область;28.4;33
2024;май;Волгоградская область;12.1;31
2022;март;Пензенская область;-4.2;17
2024;апрель;Орловская область;9.8;88
2023;июнь;Воронежская область;15.6;77
2020;сентябрь;Херсонская область;13.3;13
2023;июль;Тульская область;29.4;86
2023;март;Томская область;1.6;80
2020;октябрь;Архангельская область;5.7;69
2024;январь;Пермский край;-8.0;87
2021;октябрь;Иркутская область;8.6;64
2023;октябрь;Челябинская область;9.9;11
2024;май;Псковская область;16.7;18
2024;июль;Воронежская область;27.4;74
2022;ноябрь;Забайкальский край;-4.5;31
2024;ноябрь;Новгородская область;-2.3;19
2020;ноябрь;Амурская область;-1.3;70
2021;октябрь;Хабаровский край;10.6;52
2022;декабрь;Тульская область;-22.7;5
2024;сентябрь;Новосибирская область;10.0;96
2021;июнь;Вологодская область;15.0;0
2021;ноябрь;Нижегородская область;-1.2;35
2020;ноябрь;Вологодская область;-1.2;22
2024;август;Ростовская область;17.8;26
2022;август;Самарская область;29.6;28
2024;август;Нижегородская область;20.1;11
2022;ноябрь;Архангельская область;-3.7;73
2023;март;Костромская область;-4.8;61
2021;июнь;Липецкая область;23.8;75
2021;ноябрь;Приморский край;4.2;49
2024;август;Приморский край;21.9;4
2020;июнь;Оренбургская область;23.2;28
2024;октябрь;Ленинградская область;14.7;46
2024;сентябрь;Красноярский край;19.4;55
2024;январь;Орловская область;-14.6;9
2021;август;Липецкая область;19.3;60
2022;декабрь;Орловская область;-10.0;0
2020;май;Тульская область;12.3;24
2024;август;Луганская Народная Республика;17.1;62
2023;январь;Нижегородская область;-20.1;14
2023;июнь;Оренбургская область;24.0;53
2020;март;Саратовская область;-4.6;40
2023;декабрь;Новосибирская область;-17.6;37
2024;октябрь;Свердловская область;14.2;80
2021;ноябрь;Сахалинская область;4.4;50
2021;апрель;Волгоградская область;13.2;39
2024;март;Ставропольский край;4.6;74
2023;сентябрь;Курская область;10.6;60
2022;июль;Кемеровская область — Кузбасс;19.5;42
2024;май;Забайкальский край;13.1;81
2023;ноябрь;Курская область;1.6;39
2021;август;Ростовская область;29.8;6
2020;январь;Ростовская область;-29.6;75
2022;апрель;Воронежская область;14.0;11
2023;ноябрь;Ростовская область;3.5;18
2024;май;Красноярский край;14.0;30
2024;июнь;Костромская область;16.7;83
2024;май;Томская область;18.6;51
2021;октябрь;Краснодарский край;8.0;54
2020;январь;Пензенская область;-23.7;39
2024;апрель;Курганская область;12.0;88
2021;октябрь;Тверская область;8.8;71
2021;август;Владимирская область;22.2;21
2021;февраль;Тульская область;-18.8;70
2023;май;Воронежская область;18.1;92
2023;март;Хабаровский край;-1.0;50
2024;март;Приморский край;2.3;41
2024;август;Забайкальский край;23.9;73
2020;декабрь;Московская область;-27.3;16
2021;ноябрь;Ярославская область;-4.7;75
2022;январь;Кировская область;-9.3;95
2021;май;Кировская область;17.3;27
2020;март;Владимирская область;4.7;27
2024;ноябрь;Новгородская область;-1.6;2
2020;сентябрь;Челябинская область;12.8;16
2024;июль;Иркутская область;23.0;20
2021;май;Пермский край;12.8;63
2024;февраль;Нижегородская область;-7.8;48
2022;май;Воронежская область;16.8;78
2023;июль;Самарская область;28.6;31
2022;декабрь;Астраханская область;-17.2;31
2020;апрель;Новгородская область;13.3;82
2023;май;Приморский край;12.7;62
2024;июль;Краснодарский край;17.1;15
2021;январь;Амурская область;-7.7;50
2024;март;Амурская область;1.9;38
2021;август;Костромская область;26.8;41
2024;декабрь;Магаданская область;-6.1;39
2024;август;Амурская область;30.0;63
2023;сентябрь;Забайкальский край;16.3;66
2023;июль;Краснодарский край;15.0;75
2023;декабрь;Алтайский край;-8.5;46
2020;январь;Курганская область;-26.9;43
2022;август;Саратовская область;24.4;64
2024;март;Новгородская область;2.2;86
2022;январь;Челябинская область;-24.3;49
2021;июль;Нижегородская область;24.6;29
2021;июнь;Ставропольский край;16.5;91
2021;апрель;Тамбовская область;12.6;57
2022;июль;Нижегородская область;15.7;6
2023;июль;Омская область;17.7;75
2020;январь;Белгородская область;-13.4;16
2024;сентябрь;Архангельская область;19.4;78
2021;декабрь;Хабаровский край;-15.8;69
2021;октябрь;Владимирская область;5.9;52
2024;май;Липецкая область;16.7;67
2021;июнь;Рязанская область;27.0;32
2021;ноябрь;Владимирская область;-1.4;41
2020;август;Луганская Народная Республика;19.5;1
2020;апрель;Херсонская область;11.6;92
2021;март;Херсонская область;3.0;56
2021;июль;Липецкая область;24.0;70
2020;май;Хабаровский край;16.2;24
2021;январь;Кемеровская область — Кузбасс;-25.9;57
2021;май;Калужская область;14.6;4
2022;январь;Ярославская область;-7.2;51
2021;февраль;Астраханская область;-6.8;100
2024;ноябрь;Магаданская область;-4.9;63
2020;июль;Брянская область;20.2;14
2023;сентябрь;Нижегородская область;11.1;61
2024;январь;Ленинградская область;-25.2;39
2024;июнь;Псковская область;20.8;53
2022;июль;Оренбургская область;21.1;26
2024;ноябрь;Алтайский край;-2.9;88
2022;февраль;Ивановская область;-6.3;88
2023;ноябрь;Саратовская область;-4.6;46
2022;июль;Сахалинская область;29.7;48
2022;май;Омская область;12.2;28
2024;март;Ростовская область;-2.5;60
2024;ноябрь;Тамбовская область;1.2;10
2021;март;Ростовская область;-2.6;7
2021;май;Воронежская область;16.1;30
2024;март;Новосибирская область;4.7;56
2024;февраль;Рязанская область;-8.4;72
2020;март;Челябинская область;-1.6;2
2022;сентябрь;Рязанская область;15.4;55
2023;октябрь;Тверская область;12.2;82
2022;март;Воронежская область;1.1;15
2021;май;Красноярский край;14.1;70
2023;май;Кировская область;17.3;96
2021;ноябрь;Нижегородская область;-1.7;38
2024;июль;Амурская область;20.4;7
2022;октябрь;Хабаровский край;9.5;31
2020;апрель;Амурская область;7.6;68
2022;август;Волгоградская область;18.0;0
2023;май;Тульская область;12.6;82
2023;январь;Астраханская область;-26.1;21
2023;май;Саратовская область;12.8;9
2021;сентябрь;Приморский край;18.0;91
2020;февраль;Вологодская область;-15.8;22
2023;февраль;Саратовская область;-13.8;79
2024;март;Херсонская область;-2.2;90
2023;май;Пермский край;15.2;0
2023;октябрь;Амурская область;13.9;41
2023;июнь;Орловская область;29.9;20
2021;март;Красноярский край;-3.1;77
2021;август;Херсонская область;21.5;11
2023;декабрь;Орловская область;-5.6;90
2024;август;Воронежская область;17.1;55
2022;февраль;Алтайский край;-27.1;22
2020;ноябрь;Калужская область;2.9;72
2020;сентябрь;Курская область;12.6;55
2022;май;Вологодская область;15.5;92
2024;май;Кемеровская область — Кузбасс;20.0;46
2020;июль;Воронежская область;19.2;91
2024;август;Луганская Народная Республика;21.9;4
2023;июнь;Тюменская область;20.2;36
2020;октябрь;Донецкая Народная Республика;5.9;75
2023;январь;Астраханская область;-22.2;89
2024;август;Московская область;28.8;77
2021;декабрь;Архангельская область;-23.7;64
2021;сентябрь;Белгородская область;13.0;61
2022;ноябрь;Алтайский край;4.8;56
2023;август;Волгоградская область;23.5;66
2022;сентябрь;Свердловская область;15.0;87
2021;май;Московская область;19.4;81
2020;ноябрь;Московская область;1.9;74
2020;январь;Сахалинская область;-10.4;91
2021;июнь;Московская область;22.3;21
2020;апрель;Владимирская область;14.3;32
2020;декабрь;Калужская область;-24.7;18
2021;февраль;Липецкая область;-14.1;70
2022;октябрь;Ульяновская область;6.5;79
2023;январь;Кировская область;-9.8;51
2020;февраль;Рязанская область;-10.4;33
2024;июль;Донецкая Народная Республика;18.3;92
2022;август;Ставропольский край;18.7;26
2024;май;Камчатский край;16.3;71
2020;июль;Вологодская область;15.2;5
2023;декабрь;Курская область;-16.8;16
2023;октябрь;Херсонская область;9.2;12
2022;июль;Кировская область;22.1;11
2023;май;Сахалинская область;12.5;20
2022;ноябрь;Херсонская область;-0.9;11
2020;август;Луганская Народная Республика;15.7;29
2020;июнь;Липецкая область;28.5;38
2020;февраль;Забайкальский край;-21.8;36
2024;май;Магаданская область;19.2;66
2023;январь;Магаданская область;-14.9;10
2021;октябрь;Оренбургская область;10.0;65
2024;май;Тверская область;11.1;67
2023;июнь;Приморский край;23.0;41
2021;декабрь;Воронежская область;-29.6;26
2022;март;Костромская область;0.2;46
2023;февраль;Калужская область;-16.5;25
2023;май;Брянская область;15.9;83
2022;март;Свердловская область;3.2;25
2022;июнь;Донецкая Народная Республика;26.2;76
2021;май;Новгородская область;10.3;74
2021;февраль;Орловская область;-23.2;32
2024;июль;Московская область;28.7;19
2022;ноябрь;Амурская область;-3.6;99
2020;март;Приморский край;-3.2;39
2020;апрель;Саратовская область;11.8;42
2020;май;Ульяновская область;18.3;100
2023;август;Ульяновская область;19.4;96
2023;июль;Архангельская область;20.4;45
2020;сентябрь;Кировская область;15.7;69
2021;сентябрь;Тюменская область;18.5;42
2024;ноябрь;Забайкальский край;3.5;29
2024;февраль;Саратовская область;-6.8;65
2023;август;Калужская область;24.6;99
2020;январь;Сахалинская область;-18.5;92
2023;февраль;Новгородская область;-20.7;100
2020;сентябрь;Мурманская область;16.5;64
2022;ноябрь;Брянская область;-4.1;33
2020;январь;Архангельская область;-17.6;52
2022;март;Красноярский край;-3.3;95
2023;апрель;Хабаровский край;12.0;66
2022;декабрь;Воронежская область;-7.8;46
2022;февраль;Псковская область;-27.9;68
2021;декабрь;Волгоградская область;-6.5;17
2021;ноябрь;Курганская область;-2.9;96
2020;март;Новосибирская область;-4.6;89
2023;апрель;Кемеровская область — Кузбасс;6.2;47
2023;август;Липецкая область;17.1;81
2024;январь;Ярославская область;-5.7;98
2024;сентябрь;Орловская область;18.4;37
2022;июнь;Пензенская область;17.4;43
2024;февраль;Оренбургская область;-17.7;80
2023;январь;Иркутская область;-5.3;31
2024;декабрь;Челябинская область;-7.7;73
2022;февраль;Астраханская область;-23.3;70
2022;февраль;Донецкая Народная Республика;-23.2;55
2023;август;Херсонская область;18.0;2
2024;май;Пензенская область;19.9;17
2022;апрель;Саратовская область;8.5;5
2023;март;Новгородская область;2.1;59
2023;май;Хабаровский край;19.0;93
2020;март;Пермский край;-1.0;32
2023;июнь;Архангельская область;24.0;78
2020;март;Амурская область;-1.9;61
2022;ноябрь;Ленинградская область;-1.7;30
2023;декабрь;Курганская область;-25.5;43
2024;март;Ивановская область;-3.1;16
2021;апрель;Иркутская область;8.4;68
2024;июнь;Вологодская область;19.1;10
2021;сентябрь;Мурманская область;15.7;99
2020;август;Ленинградская область;26.5;62
2023;февраль;Астраханская область;-8.8;87
2024;январь;Самарская область;-10.4;35
2024;сентябрь;Московская область;13.4;30
2022;апрель;Тверская область;12.2;93
2020;июль;Краснодарский край;28.1;96
2020;сентябрь;Волгоградская область;14.3;21
2021;ноябрь;Костромская область;-1.1;10
2021;март;Тульская область;0.9;51
2020;июнь;Тверская область;23.9;85
2022;декабрь;Свердловская область;-21.8;66
2021;май;Астраханская область;15.0;97
2022;июль;Омская область;22.2;69
2022;май;Тульская область;17.3;10
2025;январь;Ставропольский край;-22.2;0
2020;февраль;Пензенская область;-24.1;24
2022;ноябрь;Астраханская область;2.7;61
2020;январь;Саратовская область;-21.2;26
2022;январь;Приморский край;-11.2;16
2020;октябрь;Краснодарский край;12.6;67
2022;ноябрь;Костромская область;-1.3;7
2024;апрель;Ленинградская область;10.1;21
2024;август;Курская область;26.2;23
2024;ноябрь;Ярославская область;1.5;18
2023;январь;Ленинградская область;-16.5;88
2020;февраль;Саратовская область;-29.3;74
2021;октябрь;Московская область;7.9;24
2023;октябрь;Оренбургская область;11.4;63
2022;февраль;Орловская область;-15.4;81
2022;декабрь;Воронежская область;-20.8;40
2021;март;Омская область;-4.7;63
2022;декабрь;Свердловская область;-24.2;56
2023;сентябрь;Липецкая область;18.1;78
2022;декабрь;Курганская область;-19.0;37
2021;январь;Московская область;-26.6;64
2023;август;Алтайский край;24.3;77
2020;март;Донецкая Народная Республика;0.8;55
2021;февраль;Липецкая область;-5.2;96
2022;май;Брянская область;10.7;44
2023;декабрь;Мурманская область;-25.3;86
2023;сентябрь;Калужская область;12.1;89
2021;август;Донецкая Народная Республика;25.7;56
2020;июнь;Воронежская область;20.6;93
2022;январь;Тверская область;-19.4;56
2020;май;Херсонская область;18.9;2
2021;октябрь;Хабаровский край;10.3;51
2024;ноябрь;Херсонская область;-0.4;94
2021;май;Нижегородская область;19.2;12
2021;август;Сахалинская область;21.8;84
2022;сентябрь;Вологодская область;10.4;2
2021;январь;Смоленская область;-29.3;68
2022;июль;Волгоградская область;21.6;29
2023;июль;Смоленская область;21.1;24
2021;июнь;Новгородская область;27.9;54
2024;апрель;Забайкальский край;9.1;31
2021;июль;Саратовская область;21.2;54
2023;июль;Брянская область;18.5;36
2021;ноябрь;Новгородская область;1.9;10
2021;октябрь;Алтайский край;9.4;98
2024;февраль;Приморский край;-8.4;44
2020;сентябрь;Тюменская область;19.3;71
2022;август;Курская область;27.6;52
2021;июль;Воронежская область;27.6;27
2020;январь;Астраханская область;-26.5;34
2023;май;Магаданская область;17.5;97
2022;март;Донецкая Народная Республика;2.2;47
2024;декабрь;Забайкальский край;-18.7;99
2024;июль;Ивановская область;16.6;13
2020;февраль;Самарская область;-20.7;87
2020;апрель;Оренбургская область;13.3;59
2021;октябрь;Белгородская область;12.3;39
2020;ноябрь;Кемеровская область — Кузбасс;1.5;44
2020;сентябрь;Оренбургская область;14.2;93
2020;январь;Курская область;-24.9;14
2022;апрель;Костромская область;8.9;51
2020;август;Краснодарский край;27.6;55
2024;июль;Саратовская область;24.1;20
2022;январь;Луганская Народная Республика;-18.7;14
2024;апрель;Тюменская область;12.4;26
2024;октябрь;Ульяновская область;6.7;94
2020;июнь;Новгородская область;15.5;9
2022;апрель;Волгоградская область;10.5;57
2024;октябрь;Приморский край;14.2;77
2020;ноябрь;Новгородская область;2.8;69
2020;сентябрь;Тверская область;18.2;84
2023;июнь;Саратовская область;17.4;45
2024;август;Забайкальский край;26.6;8
2023;декабрь;Ивановская область;-29.3;25
2024;декабрь;Астраханская область;-9.1;48
2021;июнь;Свердловская область;19.0;90
2024;май;Ивановская область;14.2;52
2020;декабрь;Ульяновская область;-12.5;4
2021;ноябрь;Воронежская область;0.2;58
2021;сентябрь;Липецкая область;13.2;43
2024;апрель;Свердловская область;14.8;50
2023;август;Новгородская область;19.2;93
2024;январь;Ленинградская область;-22.0;20
2020;сентябрь;Ростовская область;19.5;92
2021;январь;Саратовская область;-15.1;99
2024;июнь;Архангельская область;28.0;36
2021;январь;Курганская область;-29.6;67
2020;октябрь;Ленинградская область;5.1;68
2021;август;Рязанская область;15.7;33
2024;март;Иркутская область;2.2;63
2021;сентябрь;Амурская область;10.2;90
2024;октябрь;Тамбовская область;13.7;91
2023;июнь;Луганская Народная Республика;16.2;21
2023;апрель;Томская область;14.9;97
2024;май;Пермский край;12.0;41
2020;октябрь;Сахалинская область;7.9;18
2020;май;Липецкая область;12.2;78
2023;июль;Калининградская область;24.6;41
2023;февраль;Оренбургская область;-18.9;16
2020;январь;Кировская область;-17.1;90
2021;сентябрь;Тульская область;11.7;62
2022;декабрь;Иркутская область;-27.8;61
2021;декабрь;Тюменская область;-29.6;65
2020;июль;Иркутская область;20.4;92
2021;апрель;Сахалинская область;5.3;34
2022;ноябрь;Тюменская область;-1.3;56
2024;май;Саратовская область;13.1;72
2023;декабрь;Смоленская область;-12.5;76
2024;март;Магаданская область;-4.1;100
2023;апрель;Саратовская область;6.5;90
2022;январь;Новгородская область;-18.3;90
2020;май;Белгородская область;16.2;47
2022;сентябрь;Астраханская область;14.6;31
2022;январь;Брянская область;-15.4;25
2022;июнь;Ленинградская область;26.0;65
2022;октябрь;Тульская область;7.6;57
2024;март;Брянская область;-2.4;98
2023;октябрь;Костромская область;5.2;8
2021;март;Нижегородская область;-3.0;33
2023;декабрь;Пермский край;-8.8;69
2020;март;Калужская область;-1.7;70
2021;сентябрь;Мурманская область;17.7;83
2022;февраль;Рязанская область;-22.0;31
2023;сентябрь;Мурманская область;11.6;52
2021;январь;Новосибирская область;-13.9;82
2020;май;Амурская область;18.8;0
2022;сентябрь;Смоленская область;15.8;9
2020;ноябрь;Курганская область;1.4;8
2021;декабрь;Тамбовская область;-25.3;96
2022;январь;Нижегородская область;-27.7;75
2023;апрель;Краснодарский край;12.8;50
2023;сентябрь;Орловская область;16.5;19
2022;декабрь;Псковская область;-17.0;76
2023;январь;Ульяновская область;-12.9;5
2024;ноябрь;Мурманская область;4.2;40
2024;апрель;Донецкая Народная Республика;13.4;49
2021;январь;Краснодарский край;-24.6;10
2020;июнь;Ярославская область;24.1;7
2022;июнь;Тульская область;25.7;6
2021;январь;Костромская область;-20.5;39
2024;май;Забайкальский край;15.4;11
2021;март;Тюменская область;-1.9;95
2023;июнь;Волгоградская область;24.7;16
2023;июль;Приморский край;28.8;31
2022;апрель;Ставропольский край;14.1;12
2022;апрель;Московская область;5.3;43
2022;июнь;Новгородская область;29.8;96
2021;май;Челябинская область;13.2;52
2020;октябрь;Курская область;5.3;71
2023;январь;Волгоградская область;-18.4;24
2024;июль;Калининградская область;16.3;80
2024;сентябрь;Свердловская область;12.0;91
2021;июнь;Томская область;26.1;22
2022;сентябрь;Челябинская область;11.9;22
2021;сентябрь;Приморский край;11.0;60
2024;август;Ставропольский край;26.5;43
2023;апрель;Херсонская область;7.7;4
2024;декабрь;Кировская область;-11.3;26
2022;январь;Липецкая область;-11.7;67
2023;ноябрь;Рязанская область;-4.3;32
2023;июнь;Самарская область;28.0;98
2024;август;Архангельская область;21.1;18
2021;сентябрь;Воронежская область;17.4;75
2022;август;Липецкая область;23.4;35
2023;март;Смоленская область;1.4;64
2023;май;Краснодарский край;18.4;60
2024;март;Новгородская область;-0.6;93
2021;октябрь;Костромская область;7.4;51
2024;сентябрь;Орловская область;16.9;90
2020;июль;Псковская область;18.6;72
2021;март;Тамбовская область;0.4;61
2022;апрель;Челябинская область;10.7;49
2024;апрель;Камчатский край;6.6;82
2024;ноябрь;Тамбовская область;-2.1;100
2020;октябрь;Липецкая область;12.9;21
2024;июль;Алтайский край;27.4;62
2021;апрель;Тульская область;10.5;74
2023;январь;Псковская область;-7.7;56
2024;январь;Белгородская область;-19.0;46
2022;февраль;Ярославская область;-23.2;20
2023;август;Тамбовская область;26.6;8
2020;апрель;Ростовская область;6.2;25
2021;август;Свердловская область;21.3;87
2023;март;Волгоградская область;0.3;49
2024;август;Воронежская область;26.9;80
2020;август;Кировская область;20.8;66
2021;май;Челябинская область;11.3;66
2022;март;Херсонская область;-2.8;33
2024;март;Ленинградская область;-4.6;84
2024;май;Херсонская область;16.8;4
2024;ноябрь;Херсонская область;2.1;32
2022;сентябрь;Курская область;12.7;43
2021;май;Калининградская область;18.1;22
2022;ноябрь;Ульяновская область;0.3;65
2023;октябрь;Челябинская область;6.0;12
2023;август;Архангельская область;16.6;96
2022;август;Новгородская область;29.2;90
2022;июль;Брянская область;16.0;76
2024;март;Липецкая область;3.1;67
2022;апрель;Архангельская область;9.2;44
2024;июль;Ростовская область;25.7;20
2020;январь;Тверская область;-12.9;87
2020;сентябрь;Кировская область;14.6;1
2022;октябрь;Херсонская область;8.2;15
2024;июль;Новосибирская область;28.5;47
2023;июнь;Рязанская область;26.6;45
2022;сентябрь;Тверская область;12.5;91
2020;сентябрь;Смоленская область;15.5;15
2024;февраль;Иркутская область;-17.2;68
2020;апрель;Нижегородская область;10.0;57
2023;август;Мурманская область;22.7;20
2023;июль;Донецкая Народная Республика;16.5;55
2020;июль;Вологодская область;20.9;8
2020;май;Мурманская область;15.0;25
2020;декабрь;Оренбургская область;-18.0;44
2024;май;Нижегородская область;10.6;46
2021;февраль;Ярославская область;-24.6;65
2024;февраль;Курская область;-20.9;20
2023;август;Забайкальский край;16.7;11
2021;июль;Иркутская область;19.7;71
2024;октябрь;Мурманская область;11.1;69
2024;февраль;Курганская область;-15.6;47
2023;ноябрь;Красноярский край;-0.2;86
2023;февраль;Курганская область;-9.7;39
2022;июнь;Амурская область;24.9;28
2023;июнь;Челябинская область;21.3;64
2020;август;Пермский край;19.6;55
2024;июль;Челябинская область;24.2;62
2023;сентябрь;Красноярский край;18.0;78
2023;октябрь;Костромская область;12.8;93
2022;ноябрь;Алтайский край;-2.9;80
2024;октябрь;Пермский край;12.5;68
2024;март;Владимирская область;0.3;86
2020;октябрь;Ленинградская область;11.5;1
2024;май;Московская область;17.0;31
2020;апрель;Калужская область;13.1;88
2021;февраль;Ленинградская область;-24.3;95
2024;февраль;Челябинская область;-20.1;89
2023;январь;Амурская область;-9.5;12
2020;август;Тульская область;19.9;50
2022;июль;Ростовская область;17.6;68
2022;ноябрь;Приморский край;-3.6;17
2021;июнь;Хабаровский край;28.3;95
2022;март;Донецкая Народная Республика;4.9;77
2022;октябрь;Архангельская область;8.6;66
2021;декабрь;Тюменская область;-16.9;28
2024;май;Московская область;19.5;38
2023;сентябрь;Оренбургская область;14.5;61
2024;май;Саратовская область;15.6;73
2020;сентябрь;Донецкая Народная Республика;13.4;10
2024;июнь;Вологодская область;29.0;65
2021;октябрь;Курганская область;7.4;51
2023;июнь;Новосибирская область;17.6;61
2024;май;Ленинградская область;18.9;56
2024;февраль;Волгоградская область;-11.6;44
2021;январь;Оренбургская область;-5.0;15
2024;сентябрь;Донецкая Народная Республика;13.7;86
2020;июнь;Калининградская область;26.8;10
2023;июль;Пензенская область;29.2;73
2024;январь;Сахалинская область;-20.2;90
2021;июнь;Вологодская область;19.6;87
2020;май;Луганская Народная Республика;13.5;37
2020;май;Херсонская область;10.5;61
2022;август;Алтайский край;26.7;78
2021;май;Нижегородская область;18.3;67
2021;январь;Самарская область;-27.4;52
2021;июль;Забайкальский край;20.2;22
2023;апрель;Липецкая область;14.4;47
2022;июль;Херсонская область;22.7;32
2023;август;Нижегородская область;21.9;52
2023;апрель;Курганская область;13.8;25
2024;апрель;Калужская область;10.4;32
2021;август;Алтайский край;21.2;81
2023;июль;Курская область;26.8;77
2020;октябрь;Иркутская область;10.6;20
2021;февраль;Тюменская область;-26.4;99
2023;февраль;Свердловская область;-13.4;85
2021;октябрь;Херсонская область;10.2;66
2020;июнь;Приморский край;26.0;76
2020;июль;Херсонская область;26.3;5
2024;февраль;Томская область;-20.0;20
2021;май;Кемеровская область — Кузбасс;11.1;1
2021;ноябрь;Московская область;0.6;21
2023;июль;Красноярский край;15.9;42
2023;июль;Тюменская область;18.2;19
2024;июль;Иркутская область;22.9;23
2024;сентябрь;Ставропольский край;16.1;70
2024;август;Мурманская область;16.7;64
2021;апрель;Брянская область;14.8;63
2023;февраль;Забайкальский край;-16.7;38
2021;май;Донецкая Народная Республика;19.9;10
2020;март;Смоленская область;-1.0;82
2021;февраль;Тульская область;-28.9;33
2021;декабрь;Хабаровский край;-16.1;48
2023;март;Архангельская область;-0.3;29
2023;март;Вологодская область;-4.4;37
2022;апрель;Новгородская область;9.9;27
2022;декабрь;Нижегородская область;-8.5;40
2023;октябрь;Забайкальский край;6.4;99
2024;ноябрь;Самарская область;1.0;10
2022;апрель;Кировская область;5.1;23
2021;октябрь;Сахалинская область;9.5;93
2024;октябрь;Ленинградская область;7.3;44
2023;октябрь;Костромская область;9.7;39
2022;октябрь;Пензенская область;9.8;99
2021;декабрь;Забайкальский край;-7.9;25
2023;февраль;Херсонская область;-13.4;75
2020;декабрь;Саратовская область;-17.3;93
2023;октябрь;Волгоградская область;12.5;93
2024;июнь;Кировская область;24.3;16
2021;апрель;Рязанская область;14.2;31
2022;январь;Луганская Народная Республика;-6.0;70
2024;январь;Брянская область;-24.4;96
2021;апрель;Кемеровская область — Кузбасс;7.9;28
2024;ноябрь;Кировская область;1.3;71
2020;декабрь;Забайкальский край;-13.7;70
2023;июнь;Ростовская область;23.4;20
2023;октябрь;Кемеровская область — Кузбасс;12.4;3
2020;январь;Самарская область;-25.2;27
2021;июнь;Пензенская область;20.1;22
2022;декабрь;Рязанская область;-18.9;21
2021;октябрь;Красноярский край;7.5;10
2022;июль;Алтайский край;16.5;60
2021;декабрь;Амурская область;-28.1;58
2021;ноябрь;Московская область;-0.4;77
2024;январь;Новосибирская область;-25.7;0
2020;январь;Иркутская область;-26.0;32
2023;апрель;Хабаровский край;13.1;8
2021;январь;Белгородская область;-22.5;88
2021;январь;Самарская область;-26.8;42
2024;август;Ульяновская область;23.6;83
2020;октябрь;Московская область;6.8;33
2022;сентябрь;Курганская область;13.9;28
2024;ноябрь;Тамбовская область;-4.6;77
2022;апрель;Рязанская область;5.4;14
2024;сентябрь;Белгородская область;10.9;14
2021;январь;Мурманская область;-24.3;67
2024;декабрь;Тульская область;-20.7;45
2020;ноябрь;Пермский край;0.4;58
2023;октябрь;Магаданская область;5.4;38
2024;июнь;Кемеровская область — Кузбасс;24.8;21
2024;январь;Томская область;-15.2;20
2022;март;Сахалинская область;1.5;36
2023;май;Курганская область;10.6;86
2024;февраль;Самарская область;-13.3;28
2023;декабрь;Московская область;-16.6;97
2024;январь;Ярославская область;-13.3;8
2024;январь;Челябинская область;-16.1;77
2023;декабрь;Мурманская область;-28.3;75
2024;октябрь;Пензенская область;13.7;53
2023;январь;Самарская область;-6.3;29
2024;декабрь;Белгородская область;-27.8;90
2023;ноябрь;Омская область;-2.3;6
2023;апрель;Новгородская область;6.0;53
2023;май;Кировская область;14.3;76
2020;июль;Хабаровский край;22.6;10
2024;ноябрь;Хабаровский край;2.1;4
2022;май;Донецкая Народная Республика;13.2;3
2024;март;Забайкальский край;4.5;86
2022;март;Рязанская область;-1.5;68
2023;июнь;Курская область;25.5;76
2024;декабрь;Новосибирская область;-27.8;59
2021;июнь;Пермский край;29.5;98
2021;ноябрь;Тамбовская область;2.8;80
2023;март;Амурская область;-4.1;96
2020;ноябрь;Приморский край;-4.6;65
2020;август;Камчатский край;24.9;21
2022;август;Иркутская область;16.9;5
2021;октябрь;Амурская область;9.6;85
2021;май;Новгородская область;17.7;42
2020;январь;Новгородская область;-24.5;11
2023;сентябрь;Мурманская область;14.4;78
2023;декабрь;Томская область;-20.3;68
2023;ноябрь;Курганская область;-0.8;51
2024;июль;Тамбовская область;15.3;18
2020;октябрь;Брянская область;8.3;7
2021;ноябрь;Новосибирская область;-1.3;49
2020;февраль;Пензенская область;-5.3;44
2024;май;Свердловская область;19.9;21
2021;сентябрь;Приморский край;12.2;1
2020;февраль;Мурманская область;-16.3;54
2023;февраль;Ленинградская область;-19.0;51
2020;март;Кировская область;2.2;46
2023;апрель;Астраханская область;11.9;49
2024;май;Иркутская область;19.8;89
2022;август;Красноярский край;18.7;82
2020;ноябрь;Ульяновская область;3.6;38
2022;ноябрь;Пермский край;0.1;59
2020;август;Ростовская область;23.8;15
2021;июнь;Тверская область;26.0;90
2020;июнь;Пензенская область;18.0;76
2024;декабрь;Ставропольский край;-19.8;53
2022;август;Ивановская область;15.2;60
2021;март;Смоленская область;-1.0;46
2023;июнь;Ростовская область;28.9;92
2022;июнь;Ивановская область;17.4;84
2023;сентябрь;Херсонская область;19.0;43
2021;январь;Владимирская область;-6.4;48
2021;март;Астраханская область;4.4;61
2023;август;Саратовская область;20.1;44
2023;март;Тамбовская область;-0.2;89
2022;март;Алтайский край;-0.3;73
2021;февраль;Волгоградская область;-14.5;96
2024;март;Камчатский край;1.4;42
2022;январь;Ставропольский край;-23.3;9
2020;май;Алтайский край;14.3;74
2020;ноябрь;Камчатский край;-4.2;18
2020;декабрь;Томская область;-16.3;24
2020;сентябрь;Смоленская область;14.2;30
2024;февраль;Тверская область;-23.6;76
2024;август;Саратовская область;21.1;41
2020;январь;Рязанская область;-5.2;84
2022;ноябрь;Московская область;-0.5;36
2022;июнь;Алтайский край;18.5;86
2023;июль;Томская область;27.5;78
2023;апрель;Владимирская область;7.2;29
2020;апрель;Амурская область;7.6;90
2022;октябрь;Вологодская область;10.8;48
2022;июнь;Новгородская область;24.6;50
2023;январь;Курская область;-6.2;93
2021;март;Тюменская область;-3.7;84
2022;ноябрь;Свердловская область;-1.9;69
2022;февраль;Московская область;-12.2;69
2023;август;Красноярский край;16.2;61
2021;ноябрь;Иркутская область;2.8;8
2022;июнь;Приморский край;16.2;45
2021;апрель;Курганская область;5.9;32
2024;июнь;Кировская область;19.5;67
2022;декабрь;Курганская область;-19.7;89
2021;апрель;Челябинская область;11.1;10
2023;ноябрь;Луганская Народная Республика;-0.5;42
2023;сентябрь;Курганская область;10.7;18
2024;май;Амурская область;12.9;80
2022;февраль;Оренбургская область;-11.6;97
2022;октябрь;Нижегородская область;5.8;1
2022;сентябрь;Донецкая Народная Республика;13.9;10
2024;ноябрь;Курская область;-2.2;15
2022;май;Амурская область;14.4;45
2021;апрель;Пензенская область;13.9;56
2020;сентябрь;Томская область;17.8;93
2021;июль;Курганская область;24.7;22
2024;октябрь;Брянская область;11.0;13
2024;апрель;Кемеровская область — Кузбасс;11.4;93
2024;июль;Челябинская область;27.4;52
2020;июль;Новосибирская область;22.4;78
2022;август;Амурская область;15.8;82
2020;февраль;Калужская область;-16.8;26
2022;декабрь;Оренбургская область;-18.9;12
2020;май;Самарская область;15.6;71
2021;март;Луганская Народная Республика;0.6;65
2020;май;Курская область;15.3;35
2020;октябрь;Пензенская область;5.2;67
2023;ноябрь;Ульяновская область;0.5;73
2022;апрель;Иркутская область;11.3;45
2021;декабрь;Астраханская область;-21.7;96
2024;октябрь;Свердловская область;8.0;33
2022;июнь;Нижегородская область;28.7;52
2021;ноябрь;Пермский край;-0.3;29
2022;октябрь;Калининградская область;12.8;20
2024;сентябрь;Свердловская область;17.9;33
2024;январь;Ставропольский край;-6.8;91
2022;ноябрь;Самарская область;-0.8;89
2021;ноябрь;Мурманская область;-0.8;85
2024;декабрь;Камчатский край;-9.7;60
2022;январь;Томская область;-18.8;96
2021;февраль;Псковская область;-8.1;36
2023;январь;Херсонская область;-10.7;88
2020;апрель;Мурманская область;11.1;63
2021;апрель;Белгородская область;13.5;59
2020;июнь;Свердловская область;18.6;87
2021;август;Белгородская область;17.8;25
2024;февраль;Хабаровский край;-5.1;22
2023;июль;Ставропольский край;22.1;68
2021;октябрь;Кемеровская область — Кузбасс;14.8;59
2023;июнь;Ульяновская область;23.5;72
2021;июнь;Нижегородская область;21.1;51
2021;апрель;Смоленская область;7.8;25
2022;февраль;Курганская область;-24.0;37
2021;январь;Белгородская область;-11.0;10
2021;март;Мурманская область;3.4;47
2020;январь;Пермский край;-7.0;93
2024;ноябрь;Новосибирская область;4.1;5
2022;июнь;Владимирская область;21.2;46
2024;апрель;Псковская область;8.9;47
2024;февраль;Белгородская область;-24.0;60
2020;декабрь;Амурская область;-28.5;83
2021;май;Томская область;11.2;5
2022;октябрь;Пензенская область;11.8;98
2022;январь;Алтайский край;-20.3;23
2023;апрель;Самарская область;7.1;16
2021;апрель;Тверская область;12.8;2
2020;октябрь;Амурская область;12.7;69
2023;октябрь;Пермский край;11.0;61
2020;март;Омская область;-1.4;72
2020;январь;Волгоградская область;-6.8;82
2024;июнь;Костромская область;15.0;45
2022;август;Костромская область;16.6;71
2020;февраль;Ставропольский край;-21.4;67
2023;июль;Пензенская область;27.3;8
2021;август;Амурская область;20.8;5
2023;апрель;Омская область;12.3;21
2022;декабрь;Новгородская область;-15.7;11
2020;апрель;Архангельская область;8.5;65
2023;март;Калининградская область;-3.5;6
2020;июнь;Свердловская область;21.4;13
2023;апрель;Херсонская область;8.8;31
2020;октябрь;Донецкая Народная Республика;14.9;64
2021;июнь;Астраханская область;24.9;56
2024;февраль;Смоленская область;-13.9;75
2024;июнь;Нижегородская область;20.3;47
2023;август;Магаданская область;20.8;92
2022;июль;Смоленская область;24.6;26
2024;июль;Калининградская область;22.7;100
2020;апрель;Ярославская область;7.2;21
2021;апрель;Самарская область;5.0;48
2024;февраль;Костромская область;-6.6;52
2022;сентябрь;Луганская Народная Республика;17.9;73
2020;сентябрь;Херсонская область;14.6;78
2020;январь;Херсонская область;-6.5;79
2022;февраль;Новгородская область;-23.1;100
2023;январь;Красноярский край;-7.0;42
2024;декабрь;Астраханская область;-21.0;54
2024;июль;Алтайский край;24.9;52
2024;апрель;Оренбургская область;10.5;73
2021;июнь;Костромская область;20.1;88
2021;январь;Белгородская область;-29.5;10
2023;март;Новгородская область;3.5;34
2024;март;Новгородская область;-2.8;64
2021;июль;Тверская область;21.7;54
2023;сентябрь;Ульяновская область;11.3;97
2020;ноябрь;Пензенская область;-3.6;60
2021;июнь;Пензенская область;29.8;46
2022;март;Челябинская область;2.2;71
2022;апрель;Курганская область;13.8;20
2022;июнь;Челябинская область;21.4;40
2021;январь;Челябинская область;-22.8;85
2022;январь;Омская область;-13.4;13
2023;сентябрь;Ростовская область;17.1;57
2024;сентябрь;Красноярский край;11.7;73
2020;февраль;Тамбовская область;-17.8;1
2023;июнь;Калининградская область;25.2;56
2023;июль;Хабаровский край;25.5;2
2023;август;Ульяновская область;25.9;3
2022;март;Ивановская область;4.8;66
2022;январь;Калининградская область;-15.2;89
2023;январь;Новгородская область;-9.1;70
2024;сентябрь;Челябинская область;15.6;71
2022;июль;Красноярский край;19.7;73
2022;январь;Донецкая Народная Республика;-6.4;10
2021;декабрь;Ярославская область;-17.5;16
2022;август;Рязанская область;23.5;56
2022;апрель;Омская область;11.1;60
2024;декабрь;Рязанская область;-23.0;1
2022;июль;Забайкальский край;23.7;71
2024;декабрь;Тверская область;-20.6;56
2020;май;Сахалинская область;11.8;8
2021;май;Орловская область;18.2;77
2021;декабрь;Владимирская область;-21.5;58
2023;июль;Приморский край;15.6;75
2024;август;Амурская область;26.6;13
2020;январь;Кировская область;-25.1;95
2020;март;Астраханская область;2.4;67
2023;июль;Приморский край;25.6;56
2020;май;Архангельская область;17.2;25
2020;сентябрь;Костромская область;17.5;70
2024;декабрь;Амурская область;-8.1;52
2022;октябрь;Ульяновская область;8.7;78
2023;сентябрь;Иркутская область;17.5;11
2021;февраль;Иркутская область;-11.6;72
2021;июнь;Мурманская область;29.9;32
2021;июнь;Иркутская область;21.1;38
2024;февраль;Ульяновская область;-20.5;16
2022;январь;Кемеровская область — Кузбасс;-21.5;85
2022;апрель;Новгородская область;10.7;70
2023;февраль;Вологодская область;-16.1;56
2022;январь;Кировская область;-20.0;35
2022;май;Орловская область;10.3;32
2024;ноябрь;Костромская область;-0.1;95
2023;июль;Луганская Народная Республика;15.2;99
2024;июль;Архангельская область;26.6;86
2023;октябрь;Луганская Народная Республика;14.7;100
2021;июнь;Архангельская область;15.6;27
2021;август;Краснодарский край;23.4;1
2023;август;Орловская область;20.5;5
2022;январь;Тамбовская область;-25.1;2
2021;октябрь;Архангельская область;9.7;46
2020;ноябрь;Астраханская область;-0.3;72
2024;декабрь;Кемеровская область — Кузбасс;-27.8;49
2021;май;Красноярский край;16.5;20
2021;февраль;Новгородская область;-19.6;41
2024;июнь;Херсонская область;18.4;43
2022;июнь;Оренбургская область;17.5;94
2023;февраль;Краснодарский край;-29.9;37
2024;ноябрь;Курская область;-1.9;60
2023;июль;Ивановская область;29.1;92
2024;август;Пензенская область;16.7;48
2024;февраль;Курганская область;-19.6;37
2024;май;Оренбургская область;19.3;29
2020;декабрь;Мурманская область;-26.2;77
2020;февраль;Курганская область;-21.1;17
2020;март;Нижегородская область;-4.1;10
2020;апрель;Тамбовская область;13.6;28
2022;февраль;Амурская область;-28.2;13
2024;январь;Луганская Народная Республика;-23.5;27
2022;октябрь;Вологодская область;8.0;60
2022;май;Иркутская область;17.9;22
2021;ноябрь;Краснодарский край;0.3;84
2023;январь;Свердловская область;-11.2;43
2022;август;Псковская область;27.7;48
2022;август;Вологодская область;27.8;97
2021;август;Омская область;22.9;38
2021;май;Новосибирская область;11.2;32
2023;апрель;Липецкая область;9.0;7
2020;декабрь;Брянская область;-20.7;2
2024;май;Тверская область;11.7;82
2022;ноябрь;Псковская область;-2.0;9
2023;май;Новосибирская область;10.7;1
2021;февраль;Краснодарский край;-28.2;10
2022;апрель;Омская область;12.7;21
2024;февраль;Красноярский край;-27.8;5
2021;сентябрь;Белгородская область;18.9;45
2024;август;Волгоградская область;22.6;55
2021;январь;Камчатский край;-7.1;92
2022;май;Кировская область;13.9;99
2023;апрель;Амурская область;6.4;10
2022;июль;Иркутская область;17.3;61
2023;июнь;Калининградская область;28.7;89
2020;июнь;Владимирская область;22.9;71
2024;июль;Приморский край;24.1;18
2021;июнь;Оренбургская область;28.6;8
2021;октябрь;Мурманская область;7.9;42
2021;февраль;Владимирская область;-6.0;95
2023;октябрь;Ярославская область;5.9;92
2021;декабрь;Пензенская область;-13.0;9
2021;июль;Красноярский край;20.5;96
2021;май;Калужская область;10.5;74
2021;август;Липецкая область;24.9;42
2020;январь;Тверская область;-25.7;15
2021;октябрь;Пензенская область;7.0;91
2023;март;Новгородская область;-0.4;23
2023;август;Тамбовская область;25.5;0
2021;март;Новосибирская область;3.9;92
2023;июнь;Псковская область;16.4;18
2022;апрель;Алтайский край;14.1;43
2021;март;Новгородская область;3.2;49
2020;декабрь;Оренбургская область;-28.0;2
2020;декабрь;Калужская область;-28.0;31
2021;май;Новосибирская область;12.7;87
2023;июль;Курская область;18.3;39
2020;сентябрь;Волгоградская область;12.7;0
2020;ноябрь;Сахалинская область;-0.5;21
2020;май;Орловская область;12.6;94
2024;июнь;Амурская область;18.4;81
2022;январь;Забайкальский край;-16.1;22
2023;декабрь;Омская область;-9.6;26
2021;август;Хабаровский край;21.2;52
2021;июль;Липецкая область;27.6;27
2022;июль;Брянская область;15.3;25
2022;ноябрь;Орловская область;-2.1;6
2021;февраль;Ульяновская область;-9.1;13
2024;февраль;Пермский край;-13.3;46
2021;май;Томская область;14.8;30
2021;август;Тульская область;22.4;70
2021;март;Орловская область;-4.8;36
2022;август;Вологодская область;21.9;46
2023;февраль;Воронежская область;-16.0;43
2020;октябрь;Херсонская область;10.8;90
2021;август;Нижегородская область;26.8;4
2022;июнь;Иркутская область;23.6;30
2023;май;Самарская область;15.9;51
2022;май;Воронежская область;13.2;9
2021;август;Магаданская область;20.8;58
2020;октябрь;Магаданская область;11.4;58
2022;ноябрь;Астраханская область;-2.3;100
2024;май;Омская область;11.7;77
2021;апрель;Томская область;14.8;88
2021;декабрь;Краснодарский край;-21.8;55
2023;июнь;Саратовская область;18.4;37
2021;апрель;Тюменская область;7.4;54
2020;апрель;Вологодская область;10.1;13
2021;сентябрь;Краснодарский край;19.2;77
2020;февраль;Курганская область;-18.3;8
2024;октябрь;Алтайский край;6.3;80
2021;июнь;Калужская область;19.7;1
2024;ноябрь;Калужская область;2.5;55
2020;январь;Пензенская область;-8.5;20
2023;апрель;Орловская область;5.3;35
2021;декабрь;Воронежская область;-12.7;63
2023;июнь;Ивановская область;17.4;16
2023;май;Забайкальский край;14.3;24
2022;август;Воронежская область;22.0;45
2022;ноябрь;Челябинская область;-1.7;79
2022;июнь;Астраханская область;18.2;61
2020;август;Белгородская область;28.9;23
2023;апрель;Ульяновская область;6.1;8
2024;июль;Кировская область;28.0;98
2024;март;Камчатский край;-3.0;65
2024;сентябрь;Алтайский край;19.6;19
2020;ноябрь;Пермский край;-3.0;73
2021;март;Краснодарский край;-0.0;46
2024;октябрь;Тульская область;12.0;64
2020;апрель;Тамбовская область;6.3;40
2022;январь;Владимирская область;-6.8;81
2024;март;Липецкая область;-1.1;73
2023;май;Луганская Народная Республика;16.4;94
2023;декабрь;Смоленская область;-20.6;71
2022;июль;Омская область;28.2;52
2020;сентябрь;Кировская область;12.4;94
2024;октябрь;Краснодарский край;9.7;78
2023;июль;Сахалинская область;20.4;84
2023;август;Алтайский край;17.7;64
2020;март;Тюменская область;0.3;93
2022;февраль;Самарская область;-7.1;29
2020;май;Амурская область;16.2;78
2024;февраль;Камчатский край;-23.7;47
2021;июль;Тверская область;28.1;78
2022;август;Иркутская область;23.1;5
2021;декабрь;Воронежская область;-27.0;9
2021;декабрь;Орловская область;-19.1;39
2022;август;Калининградская область;25.0;0
2022;октябрь;Свердловская область;10.6;29
2021;июль;Пермский край;28.1;17
2024;апрель;Иркутская область;9.2;84
2022;март;Новгородская область;0.9;92
2022;октябрь;Сахалинская область;12.6;10
2023;июнь;Ульяновская область;15.6;40
2024;июль;Амурская область;18.3;78
2024;апрель;Архангельская область;6.9;13
2024;сентябрь;Орловская область;19.5;72
2021;март;Калужская область;4.2;11
2024;апрель;Тульская область;8.7;27
2024;ноябрь;Красноярский край;3.0;51
2024;сентябрь;Брянская область;18.6;52
2020;август;Забайкальский край;22.1;85
2024;август;Сахалинская область;19.7;65
2022;декабрь;Донецкая Народная Республика;-22.9;66
2022;апрель;Белгородская область;10.7;12
2021;июнь;Кировская область;18.8;34
2024;март;Иркутская область;4.8;53
2023;июль;Луганская Народная Республика;15.8;68
2024;май;Ростовская область;16.8;99
2022;июнь;Луганская Народная Республика;26.1;43
2022;июнь;Астраханская область;27.3;58
2022;август;Ярославская область;28.9;83
2022;февраль;Ставропольский край;-12.0;95
2022;июнь;Владимирская область;28.5;1
2024;ноябрь;Челябинская область;0.6;54
2023;июнь;Хабаровский край;26.5;42
2024;ноябрь;Тверская область;-2.5;24
2022;февраль;Алтайский край;-5.5;64
2023;апрель;Ярославская область;14.3;13
2023;май;Ульяновская область;18.9;29
2023;май;Сахалинская область;14.4;59
2023;май;Алтайский край;13.4;71
2021;июнь;Воронежская область;19.4;81
2020;сентябрь;Кировская область;10.2;19
2021;февраль;Луганская Народная Республика;-7.1;33
2021;июнь;Красноярский край;29.0;97
2024;июнь;Кемеровская область — Кузбасс;19.3;26
2022;август;Орловская область;29.0;87
2020;сентябрь;Тульская область;12.7;92
2020;март;Свердловская область;4.9;45
2023;октябрь;Нижегородская область;8.4;21
2023;июнь;Астраханская область;15.5;39
2023;сентябрь;Архангельская область;17.5;71
2022;февраль;Хабаровский край;-7.1;49
2023;июнь;Владимирская область;16.9;86
2024;июль;Иркутская область;28.1;72
2022;сентябрь;Воронежская область;16.8;0
2021;июль;Костромская область;15.1;99
2024;март;Калининградская область;3.4;72
2023;декабрь;Московская область;-28.2;73
2023;май;Волгоградская область;19.8;17
2020;февраль;Иркутская область;-16.5;32
2024;октябрь;Ставропольский край;14.5;34
2024;май;Ивановская область;18.3;27
2021;январь;Магаданская область;-23.6;37
2023;январь;Нижегородская область;-29.8;61
2023;сентябрь;Самарская область;13.5;0
2021;сентябрь;Волгоградская область;11.1;12
2021;январь;Новгородская область;-27.4;48
2020;июнь;Луганская Народная Республика;22.3;13
2024;апрель;Смоленская область;7.9;66
2022;май;Московская область;15.8;14
2024;ноябрь;Ярославская область;1.6;16
2022;декабрь;Орловская область;-21.9;31
2021;август;Луганская Народная Республика;19.7;26
2022;май;Красноярский край;11.4;12
2024;январь;Курганская область;-18.2;26
2023;сентябрь;Липецкая область;18.9;90
2022;июнь;Брянская область;15.6;23
2020;сентябрь;Томская область;11.8;8
2022;апрель;Московская область;7.4;37
2020;апрель;Свердловская область;13.8;2
2020;июнь;Владимирская область;24.1;51
2020;июнь;Ленинградская область;17.2;87
2024;сентябрь;Донецкая Народная Республика;18.2;78
2021;январь;Алтайский край;-10.5;2
2024;апрель;Кемеровская область — Кузбасс;13.3;31
2020;май;Архангельская область;10.8;67
2021;октябрь;Кемеровская область — Кузбасс;13.1;46
2020;март;Ульяновская область;4.0;12
2024;март;Липецкая область;2.5;83
2023;апрель;Брянская область;11.7;16
2020;март;Псковская область;-3.7;80
2020;январь;Краснодарский край;-18.3;44
2024;август;Свердловская область;21.8;43
2024;март;Тульская область;-3.4;63
2024;январь;Владимирская область;-14.1;92
2024;февраль;Владимирская область;-12.3;77
2022;сентябрь;Херсонская область;16.1;43
2024;июль;Херсонская область;15.1;68
2021;август;Новгородская область;21.4;75
2024;сентябрь;Забайкальский край;18.4;38
2020;март;Свердловская область;2.8;20
2024;август;Приморский край;23.1;42
2024;декабрь;Владимирская область;-5.9;56
2020;декабрь;Ярославская область;-11.1;88
2021;декабрь;Пермский край;-8.1;100
2020;сентябрь;Кемеровская область — Кузбасс;13.4;45
2024;июль;Приморский край;29.2;13
2022;ноябрь;Иркутская область;3.0;83
2022;март;Белгородская область;-1.4;72
2021;март;Курская область;-2.6;64
2020;август;Владимирская область;22.2;100
2022;январь;Ставропольский край;-21.1;65
2024;июнь;Брянская область;28.1;26
2021;февраль;Алтайский край;-22.9;87
2021;декабрь;Самарская область;-19.7;73
2020;июль;Калужская область;21.7;97
2021;март;Забайкальский край;4.7;97
2023;август;Хабаровский край;24.1;80
2024;июнь;Свердловская область;21.8;17
2023;январь;Пермский край;-18.4;13
2021;апрель;Калининградская область;9.5;2
2020;апрель;Красноярский край;9.1;35
2022;декабрь;Курская область;-23.3;0
2020;май;Владимирская область;11.0;89
2024;август;Рязанская область;19.3;64
2022;январь;Нижегородская область;-9.9;91
2023;июнь;Томская область;15.8;47
2024;июль;Приморский край;26.3;42
2022;июнь;Орловская область;23.1;72
2023;март;Тульская область;1.9;77
2022;ноябрь;Волгоградская область;1.0;100
2020;март;Приморский край;-0.4;0
2024;март;Томская область;-2.7;100
2023;апрель;Иркутская область;6.3;68
2021;апрель;Омская область;7.6;65
2023;январь;Астраханская область;-14.3;72
2021;декабрь;Тюменская область;-22.8;41
2023;июнь;Владимирская область;18.1;91
2021;ноябрь;Белгородская область;2.6;79
2021;июнь;Саратовская область;23.2;47
2024;апрель;Омская область;14.8;5
2022;январь;Омская область;-13.2;49
2020;май;Липецкая область;13.2;33
2020;июль;Тверская область;16.6;0
2020;июль;Томская область;19.3;9
2021;август;Хабаровский край;18.2;55
2021;июнь;Тверская область;29.6;54
2023;декабрь;Алтайский край;-20.9;68
2022;февраль;Красноярский край;-27.8;83
2023;ноябрь;Омская область;-3.0;72
2024;март;Забайкальский край;1.6;0
2023;февраль;Магаданская область;-28.0;99
2020;ноябрь;Ульяновская область;0.4;56
2020;январь;Алтайский край;-12.3;49
2021;апрель;Курская область;14.7;38
2023;май;Оренбургская область;19.7;52
2021;август;Новосибирская область;29.7;88
2023;июль;Тверская область;28.2;46
2024;октябрь;Пензенская область;6.0;14
2021;апрель;Камчатский край;10.1;52
2021;ноябрь;Тульская область;-0.2;27
2024;июнь;Смоленская область;27.8;82
2024;июль;Ярославская область;23.3;92
2021;февраль;Луганская Народная Республика;-9.3;35
2021;сентябрь;Пензенская область;16.4;18
2024;сентябрь;Брянская область;10.1;29
2021;май;Луганская Народная Республика;16.1;88
2022;октябрь;Донецкая Народная Республика;6.9;52
2021;март;Ставропольский край;-4.2;71
2020;сентябрь;Ивановская область;15.4;100
2022;февраль;Хабаровский край;-23.6;44
2022;сентябрь;Пензенская область;16.5;5
2020;декабрь;Луганская Народная Республика;-8.8;38
2022;октябрь;Кемеровская область — Кузбасс;7.0;78
2023;март;Хабаровский край;-1.9;75
2021;апрель;Забайкальский край;9.7;88
2023;март;Приморский край;-0.0;51
2023;март;Херсонская область;1.9;47
2023;июль;Ивановская область;29.4;25
2020;март;Ставропольский край;5.0;29
2024;март;Псковская область;-3.0;73
2022;август;Ростовская область;16.3;98
2021;сентябрь;Камчатский край;19.1;38
2023;январь;Калининградская область;-21.1;94
2021;июнь;Калининградская область;19.9;21
2022;июнь;Пермский край;25.3;85
2023;январь;Ульяновская область;-6.7;31
2021;июль;Брянская область;17.5;60
2023;октябрь;Хабаровский край;6.9;46
2024;январь;Алтайский край;-30.0;81
2022;февраль;Липецкая область;-19.7;7
2024;январь;Нижегородская область;-14.6;81
2023;март;Тюменская область;2.9;65
2021;ноябрь;Краснодарский край;3.6;70
2023;декабрь;Самарская область;-21.2;41
2023;январь;Забайкальский край;-10.2;35
2023;январь;Белгородская область;-19.5;71
2021;июль;Пензенская область;22.5;42
2020;март;Брянская область;-2.4;40
2023;декабрь;Забайкальский край;-6.0;20
2023;ноябрь;Калужская область;-0.7;64
2023;декабрь;Ивановская область;-11.5;43
2023;сентябрь;Камчатский край;13.3;56
2022;июнь;Калининградская область;17.5;53
2022;сентябрь;Магаданская область;12.3;53
2024;сентябрь;Иркутская область;13.6;100
2022;январь;Рязанская область;-29.5;62
2022;октябрь;Курская область;8.1;80
2021;ноябрь;Калининградская область;-2.9;18
2024;сентябрь;Алтайский край;12.8;31
2020;ноябрь;Пензенская область;-4.5;100
2022;сентябрь;Калининградская область;17.6;13
2020;май;Тюменская область;11.3;13
2023;июль;Тамбовская область;25.1;22
2021;август;Курская область;27.3;64
2020;июль;Сахалинская область;21.7;91
2021;март;Воронежская область;4.4;7
2023;ноябрь;Херсонская область;1.0;21
2021;июль;Омская область;16.8;48
2020;октябрь;Магаданская область;12.0;15
2020;январь;Ульяновская область;-10.6;85
2024;январь;Вологодская область;-22.1;46
2020;июнь;Ростовская область;23.5;17
2020;октябрь;Тамбовская область;8.1;67
2020;январь;Московская область;-17.8;33
2020;июнь;Калужская область;17.4;29
2020;февраль;Костромская область;-7.6;82
2023;январь;Смоленская область;-17.9;64
2024;декабрь;Кемеровская область — Кузбасс;-8.5;34
2021;декабрь;Сахалинская область;-6.2;41
2021;март;Оренбургская область;1.8;8
2020;июнь;Сахалинская область;21.4;34
2021;ноябрь;Ульяновская область;1.4;82
2024;май;Томская область;12.6;82
2024;сентябрь;Алтайский край;13.6;67
2022;октябрь;Смоленская область;8.0;74
2022;февраль;Волгоградская область;-7.9;41
2022;июль;Белгородская область;26.0;3
2020;апрель;Ростовская область;14.9;32
2021;июль;Камчатский край;22.1;9
2024;июль;Пензенская область;29.9;21
2024;март;Московская область;4.1;75
2020;июль;Амурская область;21.9;92
2024;июнь;Смоленская область;22.6;2
2020;март;Ростовская область;-1.9;73
2024;март;Волгоградская область;1.1;52
2020;октябрь;Приморский край;11.9;32
2023;май;Алтайский край;14.3;71
2022;август;Новгородская область;16.0;100
2023;февраль;Краснодарский край;-29.1;15
2021;июнь;Сахалинская область;29.1;28
2024;июль;Пензенская область;29.8;2
2022;декабрь;Хабаровский край;-7.8;19
2022;август;Омская область;22.7;52
2023;июнь;Курганская область;29.3;88
2023;август;Липецкая область;25.0;7
2021;октябрь;Оренбургская область;5.0;61
2024;ноябрь;Астраханская область;-2.2;86
2024;декабрь;Херсонская область;-18.3;53
2020;октябрь;Ростовская область;10.1;5
2024;июнь;Луганская Народная Республика;26.9;52
2022;август;Орловская область;27.8;51
2023;январь;Луганская Народная Республика;-22.4;58
2021;июнь;Челябинская область;20.7;14
2024;декабрь;Ярославская область;-26.5;9
2024;январь;Тверская область;-22.8;76
2021;май;Мурманская область;17.6;16
2024;декабрь;Ленинградская область;-17.1;23
2021;август;Мурманская область;17.8;88
2020;июнь;Пермский край;19.4;21
2022;апрель;Магаданская область;8.8;61
2024;июль;Курганская область;20.3;92
2022;декабрь;Хабаровский край;-6.0;15
2024;июнь;Ярославская область;16.7;77
2021;октябрь;Пензенская область;10.4;4
2023;апрель;Сахалинская область;6.4;36
2024;декабрь;Ростовская область;-16.4;80
2023;сентябрь;Тульская область;16.2;30
2023;август;Сахалинская область;17.9;86
2022;июнь;Иркутская область;22.7;37
2021;март;Ярославская область;1.4;35
2021;июнь;Орловская область;15.8;75
2021;февраль;Хабаровский край;-12.7;28
2021;октябрь;Рязанская область;6.3;95
2024;декабрь;Ульяновская область;-28.5;15
2020;ноябрь;Самарская область;-4.4;30
2021;июль;Тульская область;15.2;80
2024;июнь;Мурманская область;29.5;10
2021;апрель;Пензенская область;14.1;0
2021;ноябрь;Костромская область;4.5;6
2024;январь;Вологодская область;-15.4;37
2020;январь;Ростовская область;-20.9;84
2020;декабрь;Кемеровская область — Кузбасс;-9.0;4
2024;февраль;Кемеровская область — Кузбасс;-29.7;52
2020;май;Нижегородская область;19.3;21
